price_in_rp,lat,long,facilities,property_type,ads_id,land_size_m2,building_size_m2,certificate,year_built,property_condition,building_orientation,furnishing
43,96,302,0,0,417,331,275,1,0,1,0,0
207,96,302,0,0,1305,130,58,4,0,0,4,3
194,96,302,11,0,1537,63,96,4,0,0,4,3
187,96,302,11,0,153,73,87,4,0,0,4,0
182,96,302,23,0,905,73,96,0,31,6,4,4
140,96,302,0,0,1670,96,61,4,27,1,0,3
493,96,302,25,0,1475,395,300,4,39,3,0,4
187,96,302,2,0,1380,73,87,4,0,6,4,4
332,96,302,11,0,1205,331,157,4,39,3,4,4
196,181,291,22,0,2137,62,54,0,0,1,0,4
346,181,291,11,0,1618,377,213,1,39,3,0,4
302,181,291,11,0,1617,347,191,1,39,3,0,4
512,181,291,0,0,2636,420,298,4,35,3,0,4
533,181,291,25,0,738,130,28,4,32,1,4,4
47,181,291,9,0,2617,406,9,4,39,3,6,0
47,181,291,10,0,2590,406,9,4,39,3,6,0
47,181,291,7,0,2586,406,9,4,39,3,6,0
47,181,291,15,0,2570,406,9,4,39,3,1,0
292,181,291,22,0,2557,416,268,4,28,6,0,0
202,181,291,6,0,2549,372,204,4,39,3,6,3
396,181,291,4,0,2539,267,203,4,32,3,0,4
98,181,291,23,0,1997,347,90,4,39,3,0,4
543,181,291,20,0,1991,416,293,4,39,3,4,4
342,181,291,5,0,1985,410,220,4,39,3,4,0
198,181,291,4,0,1983,347,185,4,39,3,4,3
213,181,291,4,0,1982,372,276,4,38,1,6,3
493,181,291,25,0,1703,395,300,4,39,3,0,4
34,181,291,4,0,1702,37,312,4,38,3,4,2
493,181,291,27,0,1465,395,300,4,39,3,0,4
213,249,325,23,0,523,347,185,4,39,3,4,4
252,249,325,20,0,1352,347,185,4,0,3,0,4
242,249,325,1,0,1668,347,195,4,39,3,4,4
271,249,325,22,0,2447,347,185,4,39,1,4,4
303,249,325,26,0,1714,362,185,4,38,3,6,3
574,45,295,11,0,405,362,308,4,0,1,0,4
77,45,295,11,0,2843,47,293,1,0,1,0,4
40,45,295,0,0,536,406,247,3,0,3,0,4
556,45,295,22,0,43,342,312,4,39,3,0,3
54,45,295,0,0,2623,416,66,4,0,1,0,4
585,45,295,1,0,2028,416,276,4,32,1,4,4
56,45,295,26,0,2023,10,1,4,0,1,0,4
151,45,295,0,0,2008,73,63,4,0,0,0,0
151,45,295,0,0,2013,73,63,4,0,0,0,0
34,45,295,0,0,2010,47,319,1,0,0,0,0
83,45,295,20,0,2009,25,116,4,0,1,0,4
98,45,295,22,0,1995,347,150,4,39,3,0,4
62,45,295,25,0,1993,73,289,4,0,1,0,4
497,45,295,20,0,1757,362,255,4,0,1,0,4
108,45,295,26,0,1681,109,247,4,37,3,6,4
77,45,295,11,0,1664,10,9,4,0,0,0,0
47,45,295,11,0,1479,416,312,4,0,0,0,0
47,45,295,11,0,1477,416,312,4,0,0,0,0
115,45,295,11,0,1471,59,293,3,0,6,1,4
356,45,295,22,0,1457,243,255,4,0,4,0,4
47,45,295,11,0,1445,406,247,3,35,1,0,3
146,45,295,22,0,1417,111,55,1,0,3,0,0
153,45,295,22,0,1370,73,26,4,0,1,0,0
70,45,295,25,0,1356,57,114,4,0,1,4,4
34,45,295,22,0,1355,416,241,4,0,3,1,4
62,45,295,11,0,1201,17,275,4,0,0,0,0
91,45,295,20,0,1191,91,133,4,0,1,0,0
194,45,295,20,0,1180,186,77,4,0,1,4,4
62,45,295,0,0,1173,17,275,4,0,0,4,0
558,180,294,26,0,129,377,275,4,37,2,6,3
359,180,294,2,0,1864,377,213,4,39,3,0,4
353,180,294,26,0,1863,372,195,4,39,3,0,4
484,180,294,23,0,1724,395,242,4,38,3,6,4
493,180,294,25,0,1705,395,300,4,39,3,0,4
493,180,294,25,0,1469,395,300,4,39,3,0,4
289,180,294,25,0,1460,347,204,1,38,3,0,4
346,246,224,25,0,739,347,227,4,39,1,4,4
27,246,224,11,0,550,416,276,4,0,1,1,4
410,246,224,11,0,408,377,255,4,0,1,3,4
99,246,224,11,0,229,130,312,1,0,0,0,4
85,246,224,5,0,1080,38,9,4,39,3,2,3
31,246,224,6,0,2054,406,289,4,37,3,6,4
493,246,224,23,0,1709,395,300,4,39,3,0,4
454,197,324,20,0,2204,377,185,4,0,1,0,4
34,197,324,11,0,317,97,312,4,0,6,0,4
454,197,324,11,0,275,377,185,4,0,6,0,4
454,197,324,11,0,341,377,185,4,0,6,0,4
34,197,324,11,0,340,97,312,4,0,6,0,4
454,197,324,11,0,177,377,185,4,0,6,0,4
34,197,324,11,0,165,97,312,4,0,6,0,4
267,197,324,27,0,740,347,185,4,39,1,4,4
314,197,324,11,0,483,372,210,4,39,3,1,4
588,197,324,25,0,2497,377,255,4,39,3,6,4
320,197,324,20,0,1450,347,245,4,36,3,6,4
423,197,324,23,0,1405,377,227,4,39,3,0,4
13,210,265,23,0,2643,426,309,4,39,3,4,3
330,210,265,20,0,877,318,185,4,39,3,6,4
550,210,265,22,0,506,372,268,4,39,3,4,3
31,210,265,25,0,128,426,43,4,39,3,4,3
280,210,265,7,0,2206,114,40,4,39,3,4,0
161,210,265,17,0,2628,106,129,4,21,4,1,3
512,210,265,11,0,2563,430,288,3,35,1,0,4
564,160,268,22,0,666,372,304,4,39,3,4,0
133,160,268,11,0,1045,418,70,4,39,3,0,4
365,160,268,27,0,1738,374,172,4,27,0,4,3
23,160,268,1,0,1717,388,293,4,39,3,4,4
121,160,268,20,0,1482,418,70,4,39,3,6,3
94,150,296,10,0,500,31,62,4,0,1,4,2
484,215,281,6,0,1842,395,242,4,39,3,6,4
592,215,281,20,0,206,399,312,4,38,3,0,4
585,215,281,7,0,1828,1,276,4,39,3,6,4
545,215,281,23,0,69,1,271,4,39,3,6,4
412,215,281,3,0,2129,377,231,4,37,1,0,4
397,215,281,22,0,1515,347,231,4,39,3,1,4
530,215,281,27,0,1729,372,312,4,0,3,0,3
464,215,281,11,0,607,360,251,4,39,3,0,4
320,215,281,11,0,537,347,185,4,39,3,0,4
437,215,281,26,0,245,377,220,4,39,3,4,4
242,215,281,12,0,2435,362,249,4,25,6,6,4
484,215,281,20,0,2427,395,242,4,39,3,6,4
484,215,281,20,0,1723,395,242,4,38,3,6,4
378,215,281,27,0,1687,347,204,4,39,3,6,4
34,176,328,11,0,277,97,312,4,0,6,0,4
166,176,328,25,0,2006,91,30,4,35,1,0,4
283,176,328,1,0,1981,347,185,4,39,3,6,4
545,176,328,27,0,1458,362,213,4,36,1,0,4
464,176,328,26,0,1145,347,251,4,39,3,4,3
9,146,278,3,0,2853,377,312,4,39,3,1,0
9,146,278,3,0,2704,377,312,4,39,3,6,0
9,146,278,5,0,1058,377,312,4,39,3,6,0
9,146,278,5,0,2677,377,312,4,39,3,6,0
40,146,278,25,0,827,10,1,4,35,3,4,4
101,146,278,4,0,91,113,158,4,27,1,4,3
480,146,278,11,0,627,406,225,4,38,3,0,4
34,146,278,27,0,2482,393,13,4,39,3,6,4
9,146,278,0,0,1939,377,312,4,39,3,0,4
467,146,278,3,0,1688,395,223,4,39,1,6,4
470,146,278,6,0,1387,388,245,4,39,1,6,4
9,146,278,20,0,1202,377,12,4,39,3,6,4
9,146,278,22,0,1181,377,12,4,39,3,0,4
574,79,314,11,0,829,362,308,4,0,1,0,4
154,79,314,1,0,1821,63,55,4,0,0,0,4
574,79,314,11,0,404,362,308,4,0,1,0,4
318,79,314,3,0,2544,347,150,4,27,1,5,3
324,79,314,20,0,2011,377,220,4,39,3,6,4
98,79,314,23,0,1994,347,150,4,39,3,0,4
512,79,314,22,0,1742,416,275,4,0,3,0,0
493,79,314,23,0,1707,395,300,4,39,3,0,4
91,79,314,20,0,1672,116,96,4,0,6,0,3
27,79,314,0,0,1661,10,43,4,0,0,0,0
493,79,314,25,0,1474,395,300,4,39,3,0,4
289,79,314,23,0,1461,347,204,1,38,3,0,4
140,79,314,23,0,1176,31,278,3,0,1,0,0
447,134,331,2,0,2607,430,242,4,39,3,4,3
307,134,331,2,0,2545,430,242,4,39,3,4,3
393,134,331,27,0,2512,430,242,4,39,1,6,3
77,134,331,20,0,1748,173,84,1,28,1,3,4
447,134,331,27,0,1701,430,242,4,39,3,4,3
447,134,331,25,0,1320,430,242,4,39,3,4,3
574,7,321,11,0,714,362,308,4,0,1,0,4
242,7,321,25,0,1658,347,185,4,39,3,6,3
358,7,321,0,0,1100,266,271,4,39,3,0,4
225,7,321,11,0,2610,347,220,4,39,3,6,0
233,7,321,0,0,2600,347,220,4,0,1,0,4
216,7,321,0,0,2594,347,220,4,0,1,0,4
77,7,321,0,0,2584,37,309,4,0,0,0,0
77,7,321,0,0,2553,37,309,4,0,0,0,0
446,7,321,7,0,2541,377,201,4,39,3,6,4
227,7,321,3,0,2431,243,258,4,39,3,4,4
231,7,321,25,0,2423,243,258,4,39,3,4,4
272,7,321,0,0,2003,347,204,1,0,0,0,0
98,7,321,23,0,1996,347,150,4,39,3,0,4
272,7,321,27,0,1970,347,204,1,35,1,0,3
250,7,321,11,0,1731,351,261,4,0,3,0,0
242,7,321,20,0,1727,377,220,4,0,3,0,0
254,7,321,20,0,1454,347,286,1,0,1,0,4
222,7,321,0,0,1389,347,220,3,0,3,0,4
536,7,321,0,0,1197,331,255,1,0,1,0,4
157,161,303,25,0,1519,94,118,4,0,1,1,3
132,161,303,25,0,2618,416,304,4,0,1,0,3
27,161,303,0,0,2595,416,55,4,0,1,0,4
62,161,303,12,0,2422,54,55,4,21,6,4,4
40,161,303,22,0,1716,416,296,4,0,1,0,4
451,161,303,9,0,1464,230,246,4,0,1,0,4
347,161,303,0,0,1368,233,205,4,0,1,1,4
15,244,259,11,0,36,10,312,4,0,0,6,4
34,124,320,11,0,166,97,312,4,0,6,0,4
267,124,320,25,0,2840,379,185,4,39,3,6,4
199,124,320,23,0,93,153,104,0,0,0,1,0
404,124,320,0,0,1334,84,55,4,0,6,0,0
140,124,320,22,0,2513,146,322,4,0,4,0,4
431,124,320,23,0,2022,331,307,4,39,3,0,0
328,124,320,23,0,2014,395,210,4,39,3,1,4
359,124,320,20,0,1967,347,293,4,0,1,4,4
359,124,320,22,0,1962,347,293,4,0,1,0,4
258,124,320,20,0,1753,347,255,4,0,4,0,0
493,124,320,23,0,1706,395,300,4,39,3,0,4
493,124,320,25,0,1472,395,300,4,39,3,0,4
102,169,258,25,0,1295,45,66,4,39,0,6,4
413,169,258,6,0,2411,305,221,4,30,6,0,3
203,169,258,0,0,1244,139,158,4,0,1,0,4
206,169,258,25,0,1412,112,84,4,38,3,2,4
1,5,309,0,0,2587,416,276,3,0,3,0,0
77,5,309,0,0,2472,37,309,4,37,1,4,4
404,5,309,20,0,2001,416,242,3,0,3,0,4
404,5,309,20,0,2000,416,242,3,0,3,0,4
584,5,309,11,0,1743,335,265,4,39,3,0,2
378,5,309,0,0,1634,416,242,3,0,0,0,0
378,5,309,0,0,1209,37,1,4,0,1,0,0
378,5,309,11,0,1179,388,178,3,0,3,0,0
558,5,309,5,0,1161,37,312,1,37,6,6,4
213,59,326,27,0,1650,347,185,4,39,3,6,4
95,119,301,22,0,425,42,1,4,0,1,1,4
308,119,301,4,0,2616,37,1,4,31,1,0,0
484,100,283,27,0,2653,304,1,4,39,3,4,0
9,100,283,5,0,2663,377,312,4,39,3,1,0
213,100,283,0,0,96,318,220,4,39,3,0,3
1,100,283,22,0,1979,377,12,3,39,1,4,4
31,252,272,2,0,1822,406,289,4,38,3,1,4
31,252,272,7,0,2002,406,289,4,39,3,6,4
437,200,277,27,0,1761,304,274,4,39,3,4,4
437,200,277,22,0,1695,304,274,4,39,3,4,0
566,200,277,20,0,1685,17,293,4,39,3,1,4
47,92,318,11,0,2470,426,55,4,0,1,0,4
54,92,318,2,0,2026,426,55,4,25,1,0,3
437,55,304,11,0,371,37,1,4,0,2,0,4
545,55,304,0,0,2625,362,1,4,0,1,6,4
545,55,304,0,0,2625,362,1,4,0,1,6,4
545,55,304,0,0,2579,362,1,4,0,1,6,4
199,156,292,23,0,2635,99,129,4,35,6,4,3
467,156,292,6,0,1683,395,245,4,39,3,6,4
140,156,292,23,0,1371,416,9,1,0,3,0,4
166,127,289,7,0,2514,130,47,4,0,1,6,0
493,109,287,25,0,1704,395,300,4,39,3,0,4
493,109,287,25,0,1466,395,300,4,39,3,0,4
239,74,333,0,0,879,347,195,4,39,3,0,4
114,74,333,11,0,104,388,157,4,0,4,0,0
181,74,333,0,0,2630,347,231,4,0,1,0,4
334,74,333,2,0,2548,377,185,4,39,3,6,4
382,74,333,20,0,1463,185,281,4,0,1,0,4
258,74,333,27,0,1435,372,204,1,39,3,0,4
342,58,310,0,0,1199,37,293,4,0,4,0,4
276,193,315,25,0,1990,393,213,4,39,1,1,4
498,228,322,27,0,1053,406,251,4,39,3,0,2
423,228,322,7,0,1406,377,227,4,39,3,6,4
413,138,275,11,0,1535,15,282,4,0,1,4,4
1,138,275,20,0,1940,377,312,4,39,3,0,4
62,164,286,25,0,1496,73,37,4,0,1,1,4
437,164,286,11,0,893,406,276,4,31,6,1,4
337,164,286,15,0,2503,237,217,4,32,1,1,2
467,164,286,4,0,1689,404,255,4,39,1,6,4
287,88,330,22,0,2790,377,185,1,39,3,6,4
254,43,312,0,0,2631,347,231,4,0,1,0,4
225,43,312,0,0,2627,347,220,4,0,1,0,4
412,43,312,0,0,2160,20,276,4,0,1,0,4
412,43,312,0,0,2601,20,276,4,0,1,0,4
225,43,312,0,0,2593,347,220,4,0,1,0,4
298,43,312,0,0,2588,347,220,4,0,1,0,4
512,43,312,0,0,2571,395,55,4,0,1,0,4
332,43,312,0,0,2568,347,220,4,0,1,0,4
333,140,299,23,0,1663,149,158,4,0,0,4,3
585,140,299,22,0,1189,423,293,4,36,1,4,4
62,101,305,22,0,2613,111,84,3,0,1,6,4
378,101,305,0,0,2552,377,231,4,27,0,0,0
20,84,306,0,0,1400,62,21,3,0,3,0,4
574,85,316,11,0,2569,423,293,4,0,1,0,4
574,172,276,23,0,2555,360,293,4,39,3,1,4
166,231,267,2,0,2550,251,198,4,35,1,6,3
587,220,269,27,0,2509,62,290,4,22,1,1,4
344,95,327,26,0,1733,377,185,4,39,3,0,0
166,103,297,4,0,2453,130,47,4,0,6,6,3
328,103,297,0,0,1760,23,16,4,35,1,0,3
484,222,280,22,0,1722,395,242,4,38,3,1,4
467,184,274,23,0,1684,395,220,4,39,3,6,4
592,240,264,22,0,1680,395,276,4,38,3,6,4
393,232,298,1,0,1677,377,255,4,0,1,0,4
393,232,298,27,0,1676,406,220,4,0,0,0,4
412,232,298,27,0,1673,416,231,4,0,0,0,4
308,232,298,27,0,1669,377,227,4,0,1,0,4
243,237,307,20,0,1473,329,158,4,0,1,0,4
175,221,313,10,0,1206,153,158,4,32,1,4,2
175,221,313,10,0,1206,153,158,4,32,1,4,2
592,312,124,11,0,1564,52,1,4,0,1,0,4
309,312,124,1,0,1015,182,205,4,27,1,1,2
379,298,215,12,0,2743,276,205,4,36,3,4,4
1,298,215,22,0,518,416,55,4,0,1,0,4
58,298,215,11,0,306,10,55,4,0,1,0,4
572,298,215,22,0,1820,372,312,4,0,0,4,0
115,298,215,26,0,1987,152,312,4,27,1,4,4
437,298,215,26,0,1640,416,1,4,0,6,0,3
354,298,215,25,0,882,299,127,4,0,2,0,3
558,298,215,23,0,2795,416,312,4,0,2,0,3
437,298,215,23,0,2732,416,1,4,39,6,0,3
467,298,215,22,0,1260,64,204,4,37,3,1,4
309,298,215,22,0,1470,242,129,1,36,3,0,4
534,298,215,4,0,1250,239,262,4,27,1,4,4
268,298,215,11,0,2045,224,139,4,0,0,0,2
28,298,215,23,0,1484,316,235,1,39,3,0,4
116,298,215,7,0,415,284,294,4,38,3,2,2
215,298,215,25,0,2353,193,56,4,0,1,2,4
309,298,215,26,0,2175,339,96,3,0,4,0,4
468,298,215,27,0,2174,244,205,1,39,3,0,4
47,298,215,27,0,2188,81,261,4,37,1,0,4
1,298,215,2,0,2181,81,265,4,0,1,0,3
40,298,215,27,0,2179,406,311,3,37,3,0,4
95,298,215,27,0,2178,406,311,3,37,3,0,4
27,298,215,5,0,2176,416,55,4,0,6,0,3
438,298,215,26,0,2173,215,186,1,39,3,0,4
215,298,215,25,0,2347,193,56,4,0,1,2,4
34,298,215,22,0,2294,37,125,4,0,1,0,4
572,298,215,25,0,2229,416,276,4,0,3,0,0
95,298,215,22,0,2230,406,311,1,0,1,0,0
40,298,215,22,0,2232,406,311,3,0,1,0,0
27,298,215,27,0,2237,416,55,4,0,1,0,0
40,298,215,22,0,2249,73,309,4,0,1,0,0
21,298,215,27,0,2189,330,230,3,38,3,0,4
438,298,215,26,0,2163,215,186,1,39,3,0,4
309,298,215,26,0,2165,339,96,3,0,4,0,4
468,298,215,27,0,2164,232,205,1,39,3,0,4
28,298,215,27,0,2172,316,235,1,38,3,0,4
484,298,215,25,0,2155,10,255,4,32,1,0,4
40,298,215,27,0,2169,406,311,3,37,3,0,4
95,298,215,27,0,2168,406,311,3,37,3,0,4
27,298,215,5,0,2166,416,55,4,0,6,0,3
572,298,215,2,0,2167,416,276,4,39,3,0,4
572,298,215,22,0,2257,416,276,4,39,3,0,0
95,298,215,23,0,2259,406,311,3,37,3,7,4
28,298,215,1,0,2252,316,235,1,39,3,6,4
438,298,215,27,0,2253,215,186,1,39,3,0,4
468,298,215,1,0,2254,232,205,1,39,3,7,4
309,298,215,23,0,2255,339,96,3,0,1,0,4
27,298,215,25,0,2256,416,55,4,36,1,0,3
40,298,215,22,0,2258,406,311,3,37,3,0,4
1,298,215,25,0,2261,81,265,4,0,1,0,3
166,298,215,23,0,2246,205,28,3,0,1,0,0
268,298,215,1,0,2270,224,156,4,0,1,0,2
379,298,215,23,0,2269,303,205,4,38,1,0,4
347,298,215,23,0,2271,226,187,3,37,3,0,4
519,298,215,25,0,2277,416,268,4,0,1,0,3
255,298,215,25,0,2275,48,96,4,0,1,0,3
572,298,215,22,0,2278,416,276,4,39,3,0,4
255,298,215,25,0,2275,48,96,4,0,1,0,3
519,298,215,25,0,2277,416,268,4,0,1,0,3
572,298,215,22,0,2278,416,276,4,39,3,0,4
27,298,215,25,0,2238,416,55,4,0,1,0,0
572,298,215,25,0,2231,416,276,4,0,3,0,0
95,298,215,22,0,2234,406,311,3,0,1,0,0
220,298,215,25,0,2225,270,96,4,0,1,2,4
219,298,215,25,0,2224,270,96,4,0,1,2,4
572,298,215,27,0,1888,416,276,4,39,3,0,4
347,298,215,23,0,1934,226,187,3,37,3,0,4
347,298,215,23,0,1932,303,205,4,39,3,0,4
40,298,215,22,0,1924,73,309,4,35,1,6,4
574,298,215,22,0,1922,17,231,4,35,1,1,4
95,298,215,22,0,1916,406,311,3,37,3,7,4
572,298,215,22,0,1915,416,276,4,39,3,4,4
309,298,215,22,0,1910,339,96,3,27,4,4,0
207,298,215,13,0,1892,183,205,4,0,4,0,4
28,298,215,25,0,1895,316,235,1,39,3,0,4
28,298,215,25,0,1601,316,235,1,39,3,0,4
95,298,215,23,0,1476,406,311,3,38,0,0,4
393,298,215,3,0,1433,377,220,4,42,3,6,4
125,298,215,13,0,1403,152,1,4,0,4,0,3
226,298,215,3,0,1401,208,129,1,39,3,0,4
365,298,215,0,0,1300,207,232,4,0,0,0,0
84,298,215,27,0,1204,22,256,1,38,3,0,0
84,298,215,27,0,1194,28,232,1,31,1,0,4
379,298,215,1,0,1184,214,158,4,31,1,0,2
102,298,215,23,0,1178,17,66,4,38,3,0,4
261,298,215,23,0,1168,199,129,4,20,0,4,2
96,298,215,22,0,1092,201,205,3,31,1,0,4
84,298,215,25,0,1091,28,232,1,32,1,0,4
91,298,215,22,0,1132,170,1,4,23,1,4,4
54,298,215,23,0,1133,17,1,4,23,1,1,3
533,298,215,22,0,1136,416,268,4,36,1,4,4
223,298,215,22,0,1112,272,129,4,23,1,4,3
309,298,215,20,0,1120,159,125,4,32,1,4,2
450,298,215,23,0,945,17,241,4,31,2,1,4
96,298,215,23,0,925,201,205,3,32,1,0,4
84,298,215,22,0,918,28,232,1,31,0,0,4
84,298,215,22,0,903,22,256,1,38,3,0,4
243,298,215,25,0,794,207,129,4,32,2,6,2
396,298,215,26,0,680,376,260,1,0,2,0,4
213,271,288,25,0,741,347,185,4,39,2,4,4
426,271,288,20,0,2148,406,276,4,0,1,6,4
99,271,288,11,0,297,130,312,1,0,0,0,4
426,271,288,11,0,73,406,276,4,0,0,0,4
410,271,288,11,0,969,377,255,4,0,1,3,4
554,271,288,22,0,509,347,245,4,36,2,4,2
516,271,288,20,0,997,416,220,4,0,1,4,4
426,271,288,11,0,734,406,276,4,0,1,6,4
410,271,288,11,0,971,377,255,4,0,1,3,4
412,271,288,11,0,970,377,255,4,0,1,3,4
345,271,288,20,0,1281,347,157,4,0,1,0,4
516,271,288,20,0,998,416,220,4,0,1,4,4
516,271,288,11,0,568,416,220,4,0,1,4,4
426,271,288,11,0,84,406,276,4,0,0,0,4
410,271,288,11,0,968,377,255,4,0,1,3,4
516,271,288,20,0,999,416,220,4,0,1,4,4
426,271,288,11,0,39,406,276,4,0,0,6,4
410,271,288,11,0,407,377,255,4,0,1,3,4
245,271,288,25,0,249,347,165,4,39,3,1,4
177,271,288,23,0,244,243,281,4,0,6,1,4
181,271,288,10,0,2343,377,110,4,0,1,4,4
258,271,288,10,0,2329,23,274,4,0,6,6,4
585,271,288,9,0,2309,130,1,4,0,1,0,4
70,271,288,10,0,1894,10,1,4,0,1,0,3
70,271,288,0,0,1756,10,1,4,0,1,0,3
98,271,288,23,0,792,347,150,4,39,3,6,4
364,271,288,23,0,677,347,157,4,39,3,0,4
340,271,288,22,0,675,347,117,4,39,3,0,4
359,297,78,20,0,1772,377,231,1,39,3,0,4
442,297,78,23,0,1694,406,220,4,39,6,6,4
467,297,78,6,0,1388,406,220,4,39,3,0,4
232,297,78,25,0,803,351,185,4,39,3,6,4
359,297,78,5,0,799,377,231,4,39,3,4,4
567,268,56,20,0,2146,406,201,4,0,1,0,4
15,268,56,11,0,283,9,255,4,0,1,0,4
567,268,56,11,0,716,406,201,4,0,1,0,4
558,268,56,11,0,72,403,220,4,0,6,0,3
15,268,56,11,0,281,347,268,4,0,1,0,4
558,268,56,11,0,77,403,220,4,0,6,0,3
364,268,56,11,0,618,372,185,4,0,1,0,4
410,268,56,11,0,83,416,185,4,0,0,0,4
346,268,56,11,0,398,369,185,0,0,1,1,4
15,268,56,11,0,148,347,268,4,0,1,0,4
567,268,56,11,0,37,261,302,4,0,0,0,4
364,268,56,11,0,619,372,185,4,0,1,0,4
364,268,56,11,0,620,372,185,4,0,1,0,4
346,268,56,11,0,713,369,185,1,0,1,1,4
15,268,56,11,0,337,347,268,4,0,1,0,4
15,268,56,11,0,142,9,255,4,0,1,0,4
433,268,56,2,0,2085,360,255,4,39,3,6,3
457,268,56,2,0,2372,358,255,4,39,3,6,4
301,268,56,2,0,2240,354,185,4,39,3,6,4
18,268,56,13,0,1901,360,308,4,39,3,4,4
393,268,56,0,0,1902,416,293,4,0,1,0,0
412,268,56,27,0,1749,23,1,4,0,4,0,0
298,268,56,2,0,1485,347,185,4,39,3,4,4
322,268,56,26,0,787,347,204,4,39,3,5,4
276,268,56,26,0,785,347,204,4,0,3,5,4
276,268,56,26,0,776,347,204,4,39,3,6,4
276,268,56,2,0,767,347,204,4,39,3,5,4
346,294,137,11,0,67,405,220,4,0,0,0,4
94,294,137,11,0,843,9,84,4,0,1,7,4
94,294,137,11,0,842,9,84,4,0,1,7,4
516,294,137,11,0,181,10,220,4,0,1,0,4
26,294,137,11,0,231,406,288,0,0,0,0,4
15,294,137,11,0,234,406,302,4,0,0,0,4
129,294,137,2,0,1552,266,185,4,39,3,6,0
0,294,137,4,0,2192,331,185,4,39,3,4,4
198,294,137,4,0,2392,347,204,4,39,3,4,4
276,294,137,4,0,2306,406,220,4,38,3,1,4
276,294,137,4,0,2306,406,220,4,38,3,1,4
316,294,137,22,0,2283,377,201,4,39,0,0,0
327,294,137,11,0,2281,377,185,4,39,3,0,4
198,294,137,1,0,2190,347,204,4,39,3,4,4
198,294,137,1,0,2190,347,204,4,39,3,4,4
90,294,137,6,0,2211,275,213,4,39,3,4,4
274,294,137,11,0,2227,347,204,4,39,3,0,0
506,294,137,23,0,1913,81,52,4,0,1,0,0
76,294,137,25,0,1141,331,185,4,39,3,4,4
53,294,137,23,0,1264,256,195,4,39,3,4,4
181,294,137,0,0,1451,347,245,4,0,6,0,4
39,294,137,22,0,1447,206,157,4,37,1,0,0
53,294,137,25,0,638,256,195,4,39,3,4,4
76,294,137,25,0,1107,266,204,4,39,3,0,0
0,294,137,25,0,639,331,185,4,39,3,4,4
105,294,137,22,0,765,283,220,4,39,3,0,0
437,305,170,11,0,446,362,168,4,0,1,0,4
102,305,170,23,0,2729,406,322,4,37,3,2,3
437,305,170,11,0,444,362,168,4,0,1,0,4
512,305,170,1,0,1215,3,220,1,0,1,0,4
15,295,200,11,0,259,406,302,4,0,0,0,4
465,295,200,11,0,867,413,204,4,0,1,2,4
516,295,200,11,0,313,10,220,4,0,1,0,4
465,295,200,20,0,1303,413,204,4,0,1,2,4
15,295,200,11,0,295,406,302,4,0,0,0,4
516,295,200,11,0,342,10,220,4,0,1,0,4
15,295,200,11,0,361,406,302,4,0,0,0,4
500,295,200,11,0,432,432,274,1,0,1,0,0
437,295,200,11,0,599,413,241,4,0,1,0,4
26,295,200,11,0,296,406,288,0,0,1,0,4
26,295,200,11,0,261,406,288,0,0,0,0,4
58,295,200,11,0,269,10,55,4,0,1,0,4
15,295,200,11,0,233,406,302,4,0,0,0,4
26,295,200,11,0,230,406,288,0,0,0,0,4
26,295,200,11,0,360,406,288,0,0,0,0,4
58,295,200,11,0,349,10,55,4,0,1,0,4
94,295,200,11,0,395,9,84,4,0,1,7,4
516,295,200,11,0,180,10,220,4,0,1,0,4
464,295,200,4,0,2221,404,220,4,39,0,4,4
373,295,200,25,0,1827,369,185,4,39,3,0,4
436,295,200,23,0,1523,369,185,4,39,3,4,2
207,295,200,0,0,94,324,137,4,35,1,0,3
459,295,200,25,0,1248,383,185,4,39,3,4,4
276,295,200,5,0,2302,399,227,4,39,3,4,4
395,295,200,0,0,2297,413,245,4,38,3,0,4
435,295,200,11,0,2282,390,185,4,39,3,0,4
412,295,200,3,0,1945,372,242,4,39,4,1,4
276,295,200,6,0,1906,349,204,4,29,1,6,4
276,295,200,6,0,1906,349,204,4,29,1,6,4
386,295,200,26,0,1957,358,204,4,39,3,6,4
412,295,200,4,0,1751,372,242,4,39,3,6,4
346,295,200,27,0,1421,347,242,4,39,3,1,4
412,295,200,2,0,1420,372,242,4,39,3,6,4
484,295,200,12,0,1372,10,312,4,35,6,4,2
117,295,200,25,0,1218,304,185,4,39,3,6,4
404,295,200,22,0,1165,377,220,4,39,3,6,4
407,295,200,25,0,926,377,220,4,39,3,6,4
345,295,200,20,0,914,354,210,4,38,3,6,4
345,295,200,20,0,912,354,210,4,38,3,6,4
410,295,200,23,0,909,377,220,4,38,3,6,4
412,295,200,25,0,823,393,185,4,39,3,1,4
325,295,200,23,0,811,77,204,4,0,3,0,4
325,295,200,23,0,810,77,204,4,0,3,0,4
487,298,215,3,0,2050,404,293,4,38,3,0,0
467,298,215,4,0,1766,416,293,4,39,1,6,4
437,298,215,11,0,443,362,168,4,0,1,0,4
54,298,215,23,0,883,62,312,4,32,1,1,3
357,298,215,23,0,936,434,25,1,29,1,0,3
77,321,214,20,0,1024,73,55,4,0,1,1,4
437,321,214,11,0,445,362,168,4,0,1,0,4
437,321,214,11,0,442,362,168,4,0,1,0,4
437,321,214,11,0,447,362,168,4,0,1,0,4
174,321,214,25,0,1324,73,40,4,39,3,4,4
68,319,115,11,0,834,47,84,4,0,1,0,4
68,319,115,11,0,835,47,84,4,0,1,0,4
135,319,115,11,0,241,37,61,4,0,1,0,4
68,319,115,11,0,437,47,84,4,0,1,0,4
1,319,115,1,0,1838,212,158,4,0,1,0,4
364,319,115,3,0,2317,358,242,4,39,3,4,4
504,319,115,4,0,2289,416,293,1,0,3,0,4
41,319,115,0,0,919,306,217,4,0,1,0,4
516,245,211,11,0,569,416,220,4,0,1,4,4
426,245,211,11,0,40,406,276,4,0,0,6,4
187,245,211,11,0,151,97,66,4,0,0,0,4
324,245,211,27,0,2239,19,312,1,26,1,0,4
393,245,211,2,0,2371,371,281,4,39,3,6,3
261,245,211,3,0,1938,156,158,1,0,6,0,0
261,245,211,2,0,1917,156,158,1,0,6,0,0
214,245,211,9,0,1382,145,96,4,0,1,0,4
175,245,211,5,0,1146,130,55,4,17,1,1,4
265,245,211,23,0,913,37,231,1,0,1,0,4
375,245,211,27,0,678,347,157,4,39,3,6,4
187,269,262,11,0,280,97,66,4,0,0,0,4
187,269,262,11,0,150,97,66,4,0,0,0,4
187,269,262,11,0,319,97,66,4,0,0,0,4
187,269,262,11,0,338,97,66,4,0,0,0,4
99,269,262,11,0,359,130,312,1,0,0,0,4
99,269,262,4,0,2878,130,312,4,0,1,4,3
558,275,93,11,0,272,403,296,4,0,1,0,4
558,275,93,6,0,800,372,312,4,39,2,4,0
68,302,119,11,0,836,47,84,4,0,1,0,4
68,302,119,11,0,837,47,84,4,0,1,0,4
489,302,119,3,0,2410,395,255,4,39,3,6,4
457,302,119,1,0,2408,358,255,4,39,3,6,4
478,314,254,11,0,567,406,185,4,0,1,4,4
500,325,192,11,0,542,10,245,4,0,1,6,4
500,325,192,11,0,543,10,245,4,0,1,6,4
585,320,185,1,0,2328,79,43,4,0,1,0,4
591,320,185,26,0,804,388,302,4,39,1,6,4
142,330,171,11,0,564,50,96,4,0,1,4,4
381,278,263,6,0,1964,372,185,4,39,3,6,2
381,278,263,27,0,1958,372,185,4,39,3,6,4
381,278,263,12,0,1693,372,185,4,39,3,6,4
545,278,263,4,0,1448,10,247,4,38,3,6,3
439,278,263,27,0,1441,406,220,4,39,3,6,0
439,278,263,26,0,1440,406,220,4,39,3,6,0
439,278,263,26,0,1439,406,220,4,39,3,6,4
439,278,263,1,0,1438,406,220,4,39,3,6,4
439,278,263,27,0,1437,406,220,4,39,3,6,4
13,278,263,2,0,1376,406,320,4,37,3,6,3
368,278,263,1,0,1366,372,185,4,39,3,6,4
368,278,263,25,0,1364,372,185,4,39,3,6,0
381,278,263,25,0,1217,372,185,4,39,3,1,4
381,278,263,25,0,1214,372,185,4,39,3,1,4
381,278,263,25,0,1211,372,185,4,39,3,6,4
444,278,263,25,0,821,406,204,4,39,3,6,4
29,278,263,25,0,817,406,320,4,39,3,6,4
565,278,263,25,0,816,45,227,4,37,3,6,4
346,278,263,25,0,805,377,185,4,39,3,6,4
440,287,67,6,0,2241,358,255,4,39,3,6,3
512,287,67,19,0,1786,347,213,4,39,3,0,4
457,287,67,2,0,2368,358,255,4,39,3,6,4
355,287,67,4,0,2311,347,110,1,39,3,0,4
510,287,67,5,0,2301,377,276,1,39,3,0,4
483,287,67,22,0,2242,347,157,4,36,1,4,4
568,287,67,4,0,1712,347,281,4,36,1,6,0
558,287,67,5,0,822,372,312,4,39,2,6,0
303,287,67,23,0,622,349,204,4,39,3,6,0
325,287,67,23,0,812,77,204,4,0,3,0,4
322,287,67,26,0,786,347,204,4,39,3,5,4
512,287,67,25,0,758,372,255,4,39,3,6,4
484,287,67,25,0,759,372,255,4,39,3,5,4
308,300,147,20,0,640,377,185,4,32,6,4,4
267,300,147,1,0,1508,377,220,4,35,1,4,4
276,300,147,6,0,2339,377,185,4,39,3,4,4
192,300,147,11,0,2250,368,185,4,36,3,4,4
345,300,147,11,0,2244,362,210,4,0,3,2,0
160,300,147,22,0,1942,347,185,4,39,3,6,4
213,300,147,26,0,897,377,220,4,27,1,2,4
325,300,147,23,0,807,77,204,4,0,3,0,4
325,300,147,23,0,806,77,204,4,0,3,0,4
272,327,81,3,0,2214,377,185,4,39,3,6,2
161,327,81,22,0,637,422,1,4,0,1,0,4
188,327,81,20,0,574,1,276,3,36,3,1,0
77,279,273,26,0,403,63,71,4,29,1,6,4
507,279,273,4,0,1446,292,177,4,0,1,0,4
40,279,273,23,0,950,144,139,4,27,1,0,4
330,293,109,20,0,662,410,204,3,39,3,6,4
250,293,109,11,0,2228,377,185,4,38,0,0,4
311,293,109,26,0,1488,347,165,4,39,3,0,4
305,293,109,26,0,1487,347,185,4,39,3,0,4
292,293,109,26,0,1483,347,185,4,39,3,0,4
282,293,109,26,0,1430,347,185,4,39,3,0,4
213,293,109,20,0,1174,406,213,4,37,6,6,0
325,293,109,23,0,809,77,204,4,0,3,0,4
325,293,109,23,0,808,77,204,4,0,3,0,4
547,317,108,23,0,679,420,278,4,39,3,4,4
425,326,154,15,0,2412,347,265,4,0,3,0,3
457,292,54,26,0,2387,358,255,4,39,3,6,4
205,292,54,0,0,1912,362,220,4,0,3,0,4
512,292,54,25,0,757,372,255,4,39,3,7,4
378,296,332,5,0,1899,58,1,1,0,1,4,4
246,296,332,27,0,1418,377,268,1,39,4,4,4
242,296,332,22,0,779,416,245,1,39,6,4,4
242,296,332,22,0,778,416,245,1,39,6,4,4
242,296,332,22,0,778,416,245,1,39,6,4,4
308,324,102,7,0,2290,377,185,1,36,1,6,4
561,248,282,23,0,818,17,275,4,39,3,4,3
266,291,241,25,0,1166,20,67,4,38,3,1,3
277,328,30,25,0,1152,357,179,4,17,1,6,3
378,290,21,11,0,580,377,165,4,29,4,0,4
442,274,156,11,0,292,399,220,4,0,1,0,4
34,274,156,11,0,86,37,1,4,0,0,0,4
229,274,156,7,0,2125,347,204,4,39,3,4,3
34,274,156,11,0,689,37,1,4,0,1,0,4
442,274,156,11,0,364,399,220,4,0,1,0,4
164,274,156,11,0,546,111,96,4,0,1,5,4
506,274,156,4,0,197,377,304,4,39,3,0,3
342,274,156,0,0,367,379,231,4,0,3,0,3
551,274,156,4,0,1343,327,304,4,39,3,6,4
497,274,156,3,0,1330,418,286,4,39,3,6,4
437,274,156,26,0,1074,388,220,4,38,3,6,4
567,274,156,25,0,1047,377,293,4,39,3,0,4
556,274,156,4,0,1313,369,312,4,39,3,0,4
512,274,156,3,0,1306,372,281,4,39,3,6,3
341,274,156,1,0,1514,362,204,4,39,3,6,4
571,274,156,25,0,1287,413,1,4,39,3,6,4
34,274,156,25,0,1231,111,183,4,0,1,6,3
242,274,156,20,0,2836,347,204,4,39,3,4,0
423,274,156,3,0,2683,388,245,4,39,3,0,4
450,274,156,25,0,2819,372,231,4,39,3,0,3
556,274,156,3,0,1513,415,286,4,39,3,6,3
540,274,156,1,0,1764,304,293,4,39,3,6,3
27,274,156,20,0,2522,372,1,4,39,7,0,1
43,274,156,23,0,2527,360,316,4,39,7,0,1
1,274,156,11,0,2530,1,302,4,39,7,0,1
156,274,156,23,0,2577,347,185,4,39,3,6,4
47,253,208,2,0,1961,388,5,4,39,0,4,3
378,257,232,2,0,609,354,191,4,39,1,0,4
545,257,232,26,0,1212,349,290,4,39,1,0,4
34,257,232,11,0,358,432,290,4,0,0,0,4
484,257,232,26,0,616,351,265,4,39,1,0,4
408,257,232,20,0,1296,413,204,4,39,3,4,4
368,257,232,0,0,886,379,204,4,39,3,0,4
557,257,232,11,0,63,416,276,4,39,3,0,4
452,257,232,20,0,888,347,242,4,39,3,0,4
417,257,232,11,0,2779,347,223,4,39,3,0,4
572,257,232,11,0,2871,10,255,4,0,0,0,4
572,257,232,11,0,2871,10,255,4,0,0,0,4
527,257,232,11,0,541,406,227,4,0,1,2,4
5,257,232,25,0,1881,368,276,4,38,0,0,0
509,257,232,22,0,2724,347,289,4,38,2,0,0
557,257,232,1,0,135,372,276,4,39,1,0,4
130,257,232,7,0,1076,88,312,4,31,1,0,3
472,257,232,3,0,2119,351,276,4,39,3,0,4
512,257,232,4,0,1272,3,290,4,39,3,1,3
533,257,232,22,0,250,335,255,4,39,2,6,4
558,257,232,11,0,646,108,39,4,0,1,0,4
453,257,232,25,0,2592,337,242,4,39,1,0,4
80,257,232,11,0,2519,383,309,4,39,7,0,1
73,257,232,26,0,2523,416,312,4,37,7,0,1
93,257,232,0,0,2528,82,309,4,38,7,0,1
540,257,232,23,0,2531,342,288,4,39,7,0,1
389,257,232,25,0,2583,349,191,4,39,1,0,4
389,257,232,25,0,2583,349,191,4,39,1,0,4
389,257,232,25,0,2583,349,191,4,39,1,0,4
448,257,232,6,0,2567,420,220,4,0,1,0,4
442,288,98,11,0,592,404,231,1,0,1,0,4
303,288,98,23,0,630,347,185,4,39,1,0,4
254,288,98,27,0,2145,360,185,4,41,3,4,4
283,288,98,23,0,1826,383,185,4,39,0,0,4
327,288,98,1,0,2133,377,185,4,39,3,0,4
349,288,98,25,0,2135,407,185,4,39,0,0,2
139,288,98,6,0,1941,304,185,4,39,3,6,0
385,288,98,20,0,1539,383,185,4,39,3,0,4
283,288,98,25,0,1249,360,185,4,39,3,2,4
256,288,98,22,0,801,388,136,4,36,3,6,4
225,288,98,3,0,2458,347,204,4,39,3,4,4
139,288,98,4,0,2502,283,185,4,39,3,4,4
76,288,98,4,0,2540,331,185,4,39,3,2,4
85,258,107,20,0,2140,19,312,4,0,1,0,4
530,258,107,4,0,1877,304,304,4,39,3,0,4
416,258,107,27,0,1540,372,227,4,39,3,6,4
497,258,107,3,0,1031,418,276,4,39,3,6,4
423,258,107,3,0,2772,388,231,4,39,3,0,4
454,258,107,4,0,1976,358,255,4,39,3,6,3
467,258,107,3,0,1975,10,245,4,39,3,6,4
412,258,107,3,0,1022,407,231,4,39,3,6,4
592,258,107,4,0,1887,399,320,4,39,3,4,4
496,258,107,4,0,1312,420,276,4,39,3,0,4
404,258,107,4,0,1560,372,227,4,39,3,6,4
488,258,107,20,0,1085,304,276,4,39,3,6,0
496,258,107,4,0,2193,369,247,4,39,3,6,4
412,258,107,1,0,967,407,231,4,39,3,6,4
478,258,107,27,0,964,372,245,4,39,3,4,3
506,258,107,5,0,2866,372,311,4,39,3,0,3
558,258,107,3,0,28,347,293,4,39,3,0,4
454,258,107,27,0,972,347,255,4,39,3,6,3
335,258,107,12,0,2100,377,220,4,39,3,4,4
408,258,107,3,0,1561,377,227,4,39,3,1,4
406,258,107,27,0,1565,372,227,4,39,3,4,4
454,258,107,4,0,2049,372,220,4,39,3,4,3
581,258,107,4,0,2048,372,19,4,39,3,4,4
26,284,201,11,0,260,406,288,1,0,0,0,4
500,284,201,11,0,849,432,274,1,0,1,0,4
85,284,201,11,0,492,377,312,4,0,1,6,4
442,284,201,11,0,981,377,281,1,0,1,4,4
484,284,201,1,0,163,347,255,4,39,1,0,4
442,284,201,11,0,587,377,281,0,0,1,4,4
442,284,201,11,0,586,377,281,1,0,1,4,4
5,284,201,11,0,357,410,231,4,0,0,0,4
85,284,201,11,0,493,377,312,4,0,1,6,4
320,284,201,0,0,885,347,195,4,39,3,0,4
442,284,201,11,0,983,377,281,1,0,1,4,4
85,284,201,11,0,489,377,312,4,0,1,6,4
500,284,201,11,0,431,432,274,1,0,1,0,4
319,284,201,27,0,663,347,195,4,39,1,0,4
512,284,201,22,0,513,406,278,4,39,1,0,4
584,284,201,23,0,95,403,276,4,39,1,0,4
466,284,201,27,0,2142,395,220,4,37,3,0,4
442,284,201,11,0,2694,395,185,4,38,3,0,4
385,284,201,22,0,1541,383,185,4,39,3,0,4
592,284,201,25,0,1267,426,1,4,39,3,6,4
478,284,201,22,0,1512,362,247,4,39,0,6,4
465,284,201,25,0,1509,362,247,4,39,3,6,4
346,284,201,25,0,2574,347,195,4,39,1,0,4
127,256,128,11,0,847,98,66,4,0,1,1,4
85,256,128,11,0,479,377,43,4,0,1,1,4
135,256,128,11,0,304,426,9,4,0,1,0,4
465,256,128,25,0,1782,275,271,4,39,3,0,3
580,256,128,11,0,656,17,312,4,0,1,0,4
127,256,128,11,0,845,98,66,4,0,1,1,4
64,256,128,11,0,325,111,16,4,0,1,0,4
64,256,128,11,0,133,23,84,4,0,1,0,4
64,256,128,11,0,334,23,84,4,0,1,0,4
127,256,128,11,0,533,98,66,4,0,1,1,4
85,256,128,11,0,477,377,43,4,0,1,1,4
209,256,128,0,0,418,372,220,4,36,4,0,4
106,256,128,25,0,2520,406,61,4,39,7,0,1
66,256,128,23,0,2529,368,312,4,38,7,0,1
77,282,240,11,0,270,96,7,4,0,1,0,4
5,282,240,11,0,300,410,231,4,0,0,0,4
77,282,240,11,0,308,96,7,4,0,1,0,4
527,282,240,11,0,540,406,227,4,0,1,2,4
572,282,240,11,0,16,10,255,4,0,0,0,4
572,282,240,11,0,10,10,255,4,0,0,0,4
77,282,240,11,0,347,96,7,4,0,1,0,4
557,282,240,11,0,64,416,276,4,39,3,0,4
34,282,240,11,0,299,432,290,4,0,0,0,4
5,282,240,11,0,412,37,43,4,0,1,4,4
77,282,240,11,0,189,96,7,4,0,1,0,4
47,282,240,2,0,2606,149,84,4,0,1,0,4
1,282,240,22,0,2576,67,43,4,0,1,0,4
543,272,207,25,0,2754,375,258,4,39,1,0,4
15,272,207,11,0,410,416,276,4,0,1,2,4
85,272,207,11,0,966,26,50,4,0,1,1,4
115,272,207,20,0,1802,12,55,4,0,1,0,4
115,272,207,20,0,1801,12,55,4,0,1,0,4
115,272,207,11,0,311,12,55,4,0,1,0,4
142,272,207,11,0,573,81,19,4,0,1,1,4
85,272,207,20,0,1532,26,50,4,0,1,1,4
85,272,207,11,0,965,26,50,4,0,1,1,4
142,272,207,11,0,572,81,19,4,0,1,1,4
164,272,207,11,0,545,111,96,4,0,1,5,4
85,272,207,11,0,593,26,50,4,0,1,1,4
512,272,207,23,0,2811,372,274,4,39,2,6,4
383,272,207,20,0,1824,331,245,4,39,3,0,4
592,272,207,5,0,2591,377,276,4,39,1,1,4
34,276,139,11,0,291,37,1,4,0,0,0,4
34,276,139,11,0,331,37,1,4,0,0,0,4
336,276,139,10,0,2104,406,245,4,39,3,4,4
135,235,143,11,0,268,426,9,4,0,1,0,4
484,235,143,11,0,685,377,216,4,0,1,7,4
574,235,143,3,0,1781,407,1,4,0,4,6,4
438,235,143,11,0,116,293,205,4,0,1,0,3
580,235,143,11,0,657,416,255,0,0,1,0,4
135,235,143,11,0,351,426,9,4,0,1,0,4
85,235,143,11,0,9,19,312,4,0,0,0,4
127,235,143,11,0,534,98,66,4,0,1,1,4
85,235,143,11,0,478,377,43,4,0,1,1,4
185,235,143,11,0,253,58,28,4,0,1,0,4
135,235,143,11,0,202,426,9,4,0,1,0,4
191,235,143,11,0,188,20,43,4,0,1,0,4
64,235,143,11,0,134,111,16,4,0,1,0,4
194,235,143,0,0,2701,0,0,4,30,0,0,0
74,235,143,2,0,1066,347,284,4,39,1,4,4
584,235,143,3,0,1850,372,19,4,39,3,4,4
277,235,143,0,0,1500,277,123,4,0,1,0,3
512,235,143,27,0,2780,360,290,4,39,3,1,4
182,235,143,20,0,1494,37,80,4,39,3,1,0
554,235,143,3,0,1273,3,290,4,39,3,1,3
125,235,143,22,0,2698,81,111,4,38,3,6,0
420,235,143,23,0,860,376,200,4,17,1,6,4
454,235,143,1,0,2747,347,276,4,39,3,0,3
164,235,143,11,0,11,37,300,4,0,0,0,4
34,235,143,11,0,668,58,312,4,22,1,4,0
359,235,143,5,0,2589,388,185,4,39,3,4,4
70,235,143,11,0,2524,335,317,4,38,7,0,1
74,235,143,20,0,2533,351,284,4,39,7,0,1
88,235,143,11,0,2538,375,302,4,39,7,0,1
30,235,143,26,0,2556,423,309,4,39,3,6,4
276,273,118,26,0,1642,369,204,4,39,3,6,0
85,273,118,11,0,15,19,312,4,0,1,0,4
484,273,118,11,0,831,377,216,4,0,1,7,4
442,273,118,11,0,958,404,231,1,0,1,0,4
442,273,118,11,0,591,404,231,1,0,1,0,4
34,273,118,5,0,2150,37,220,4,38,3,0,4
85,273,118,11,0,13,19,312,4,0,0,0,4
85,273,118,11,0,2875,19,312,4,0,1,6,4
213,273,118,26,0,2830,347,204,4,39,3,4,3
484,273,118,11,0,833,377,216,4,0,1,7,4
172,273,118,2,0,373,304,185,4,39,3,6,3
50,273,118,11,0,552,416,66,4,0,1,4,4
558,273,118,11,0,346,403,296,4,0,1,0,4
42,273,118,11,0,394,96,320,4,0,1,6,4
50,273,118,11,0,551,416,66,4,0,1,4,4
484,273,118,11,0,684,377,216,4,0,1,7,4
500,273,118,11,0,370,377,213,0,0,1,0,4
484,273,118,11,0,832,377,216,4,0,1,7,4
5,273,118,11,0,388,406,204,4,0,1,0,4
560,273,118,9,0,515,3,290,4,39,3,1,3
560,273,118,3,0,2651,3,314,4,39,3,1,3
336,273,118,25,0,1108,347,220,4,39,3,6,3
34,273,118,3,0,2770,406,286,4,38,3,6,3
484,273,118,20,0,2831,372,275,4,39,1,6,4
412,273,118,11,0,2833,369,195,4,39,3,6,4
562,273,118,4,0,2159,406,220,4,38,3,0,4
574,273,118,1,0,1844,372,22,4,39,3,4,4
578,273,118,2,0,1849,372,19,4,39,3,4,4
121,273,118,5,0,653,44,39,4,39,3,6,4
205,273,118,26,0,397,354,204,4,39,3,4,3
164,273,118,9,0,1602,70,29,4,39,3,4,4
165,273,118,3,0,1587,304,185,4,39,3,6,3
512,273,118,3,0,1274,3,290,4,39,3,1,3
264,273,118,25,0,1277,331,213,4,39,3,4,4
359,273,118,25,0,2040,379,220,4,0,3,6,4
91,273,118,17,0,1795,37,292,4,39,3,0,4
139,273,118,11,0,1013,304,185,4,39,2,4,3
164,273,118,25,0,384,20,5,4,38,3,4,2
64,273,118,26,0,2826,406,304,4,38,3,6,4
352,273,118,25,0,1342,377,220,4,0,3,6,4
421,273,118,11,0,107,318,265,4,39,3,4,0
91,273,118,11,0,144,156,55,0,0,1,0,3
489,273,118,7,0,2566,388,255,4,39,3,4,3
38,273,118,5,0,2564,38,278,4,39,3,4,3
34,251,284,11,0,227,432,290,4,0,0,0,4
34,251,284,11,0,263,432,290,4,0,0,0,4
465,251,284,4,0,2118,351,276,4,0,3,0,4
545,270,243,22,0,1060,372,275,4,39,3,1,4
442,286,163,11,0,256,399,220,4,0,1,0,4
442,286,163,11,0,248,399,220,4,0,1,0,4
460,286,163,11,0,392,412,220,4,0,1,2,4
512,286,163,22,0,2854,19,48,4,35,2,4,4
460,286,163,0,0,1633,412,220,4,0,1,2,3
27,260,181,25,0,579,377,293,4,39,3,0,4
27,260,181,25,0,579,377,293,4,39,3,0,4
592,260,181,26,0,2791,377,286,4,39,1,6,4
574,260,181,22,0,1278,337,281,4,39,3,4,4
166,260,181,11,0,514,48,71,4,39,3,1,4
102,260,181,20,0,2537,393,43,4,39,7,0,1
592,260,181,20,0,2536,377,286,4,39,7,0,1
494,262,248,0,0,1581,377,213,4,39,3,1,4
54,262,248,2,0,1228,207,164,4,0,1,0,3
85,265,194,11,0,490,377,312,4,0,1,6,4
543,250,141,5,0,1511,347,304,4,39,3,0,4
554,250,141,12,0,1718,369,312,4,39,3,0,4
512,250,141,1,0,1875,399,276,4,39,3,6,2
30,250,141,26,0,2565,423,309,4,39,3,6,4
558,263,162,7,0,1608,347,286,4,39,3,0,4
168,263,162,26,0,488,48,84,4,39,3,1,3
336,267,221,7,0,2652,377,231,4,36,6,6,4
587,281,190,25,0,2619,399,276,4,39,3,0,0
587,281,190,25,0,2619,399,276,4,39,3,0,0
587,281,190,25,0,2619,399,276,4,39,3,0,0
529,281,190,20,0,2605,354,276,4,39,3,0,0
30,239,145,26,0,2559,423,309,4,39,3,6,4
30,239,145,26,0,2559,423,309,4,39,3,6,4
95,20,134,0,0,2213,347,36,4,39,1,0,0
247,20,134,0,0,1871,23,66,4,0,1,0,0
247,20,134,0,0,1855,37,96,4,0,1,0,0
189,20,134,0,0,1335,388,55,4,0,1,0,0
255,20,134,0,0,1337,10,95,4,0,1,0,0
157,20,134,0,0,1338,358,71,4,0,1,0,2
146,20,134,0,0,1336,304,31,4,0,3,0,0
115,20,134,11,0,1309,349,48,4,0,1,0,0
214,20,134,0,0,1063,62,129,4,0,1,0,0
214,20,134,0,0,1612,67,43,4,0,1,0,0
157,20,134,0,0,1548,358,71,4,0,1,0,2
273,20,134,0,0,621,69,146,4,32,1,0,0
379,20,134,0,0,1808,196,158,4,0,1,6,0
214,20,134,0,0,1812,86,27,4,0,1,0,0
234,20,134,0,0,1256,122,92,4,27,1,0,0
118,20,134,0,0,2076,406,89,1,0,1,0,0
166,20,134,0,0,2078,331,35,4,0,3,0,0
35,20,134,0,0,2055,254,2,4,0,1,0,3
54,20,134,0,0,1771,243,284,4,0,1,0,0
182,20,134,0,0,1770,30,55,4,0,1,0,0
294,20,134,0,0,1966,5,152,4,0,1,0,0
199,20,134,0,0,1048,67,29,4,32,1,0,0
217,20,134,0,0,1071,99,122,4,0,1,0,0
243,20,134,0,0,1065,111,71,4,0,1,0,0
130,234,188,25,0,428,426,55,4,39,3,4,3
166,234,188,22,0,2665,38,84,4,37,0,1,3
255,234,188,22,0,2185,23,125,4,39,3,6,4
379,234,188,26,0,902,97,158,4,39,3,4,3
182,234,188,11,0,2787,37,111,4,39,3,6,0
251,234,188,0,0,1221,3,133,4,39,3,0,4
166,234,188,22,0,505,37,70,4,39,3,6,4
70,234,188,11,0,581,354,1,4,39,3,6,4
343,234,188,3,0,1325,151,166,4,39,3,0,3
47,157,112,3,0,2243,347,261,1,39,1,0,3
243,157,112,1,0,1655,146,129,4,0,1,0,3
194,212,195,22,0,1630,31,84,4,39,3,1,4
2,0,94,23,0,1853,186,277,4,0,1,6,3
173,0,94,27,0,19,388,324,3,38,3,7,4
219,0,94,25,0,154,1,55,3,0,3,0,4
379,0,94,1,0,57,81,66,3,0,3,0,4
269,0,94,4,0,2162,359,34,4,31,1,4,3
130,0,94,5,0,2114,283,245,3,0,1,0,2
555,0,94,11,0,563,156,221,3,29,1,0,3
183,0,94,0,0,2640,343,277,4,27,2,0,3
183,0,94,0,0,2640,343,277,4,27,2,0,3
2,0,94,4,0,2802,186,277,4,0,2,6,3
21,0,94,27,0,1526,156,221,4,27,1,4,0
524,0,94,23,0,495,130,154,0,36,3,0,4
217,0,94,11,0,2773,1,19,3,38,3,0,4
54,0,94,27,0,65,283,242,0,38,3,0,4
207,0,94,26,0,27,416,23,4,38,3,0,4
35,0,94,0,0,430,146,240,3,0,2,0,3
173,0,94,27,0,2066,399,324,4,39,3,0,4
190,0,94,20,0,519,396,301,4,0,1,0,3
57,0,94,11,0,460,186,256,4,0,3,0,4
10,0,94,0,0,2034,241,232,4,0,1,0,0
394,0,94,27,0,1501,91,96,3,0,1,0,4
357,0,94,0,0,1351,73,48,4,0,0,0,0
175,0,94,25,0,1186,347,55,3,0,3,0,4
329,0,94,9,0,1886,37,96,4,30,1,4,3
369,0,94,25,0,1647,73,100,4,0,1,0,4
108,57,97,0,0,2804,358,43,0,0,0,0,0
413,57,97,23,0,99,130,167,4,0,1,2,3
223,64,95,25,0,2209,81,96,4,0,1,0,0
108,81,82,20,0,606,358,43,0,39,3,0,4
157,81,82,23,0,1804,45,43,4,39,3,0,4
157,81,82,23,0,1804,45,43,4,39,3,0,4
187,81,82,27,0,1811,173,174,4,0,3,0,0
166,81,82,0,0,1582,45,55,4,39,3,0,0
83,81,82,0,0,1583,347,304,4,39,3,0,0
151,81,82,22,0,1586,45,55,4,39,3,0,0
151,81,82,22,0,1586,45,55,4,39,3,0,0
130,81,82,22,0,1062,45,54,4,39,3,0,4
342,72,228,0,0,2838,101,168,4,39,3,0,4
287,72,228,20,0,977,110,178,4,39,3,4,4
342,72,228,0,0,2838,101,168,4,39,3,0,4
229,72,228,0,0,198,80,143,4,39,3,0,4
287,72,228,11,0,977,110,178,4,39,3,4,4
287,72,228,22,0,18,110,168,4,39,3,4,4
223,54,64,22,0,376,50,62,4,0,2,0,4
294,54,64,22,0,1101,73,96,4,37,3,4,4
217,54,64,23,0,1279,130,104,4,0,1,0,4
178,56,271,27,0,1846,111,1,4,36,1,4,4
62,56,271,1,0,2144,393,309,1,39,3,0,4
62,56,271,1,0,2144,393,309,1,39,3,0,4
185,56,271,11,0,254,111,19,4,0,1,0,4
140,56,271,2,0,1973,10,304,1,36,1,6,3
189,56,271,11,0,1018,23,16,0,0,1,0,4
9,56,271,5,0,2650,388,312,4,39,3,6,0
173,56,271,23,0,1609,416,317,4,0,1,0,0
147,162,164,20,0,1044,397,221,4,0,1,0,4
405,162,164,11,0,23,73,193,4,38,3,5,3
180,162,164,11,0,2664,55,232,4,16,4,0,4
183,162,164,22,0,2725,32,256,4,13,1,0,3
278,125,159,11,0,100,320,313,4,31,1,5,0
110,125,159,5,0,1874,56,25,4,29,1,4,3
103,125,159,0,0,643,197,179,4,27,1,0,4
586,125,159,20,0,2737,130,84,4,17,1,1,4
109,171,173,0,0,1831,378,179,4,0,1,0,3
501,171,173,20,0,2693,219,129,4,31,2,4,3
48,171,173,26,0,1292,309,179,4,39,3,0,3
278,171,173,23,0,1187,89,318,4,32,2,6,3
134,171,173,20,0,29,365,208,4,0,1,0,0
223,235,143,0,0,1851,164,144,0,0,1,0,4
47,44,226,20,0,221,243,266,4,0,0,1,0
10,178,183,22,0,691,181,175,4,0,3,0,3
92,178,183,6,0,2062,356,232,4,29,6,0,3
512,91,120,11,0,583,318,278,4,39,3,1,4
27,63,152,11,0,644,225,261,4,39,3,0,4
27,63,152,20,0,1576,225,261,4,39,1,0,4
2,2,136,0,0,1632,234,277,4,0,1,0,0
309,9,104,27,0,379,37,125,4,38,3,4,4
78,46,68,22,0,58,277,211,4,0,2,6,3
295,69,203,5,0,2108,317,226,4,13,1,6,3
310,69,203,23,0,625,381,244,4,28,2,0,4
230,71,237,23,0,508,62,96,4,17,0,1,3
146,71,237,25,0,1574,58,309,4,39,3,4,4
217,71,237,22,0,695,141,84,4,17,4,0,4
485,21,250,11,0,2744,271,280,4,32,1,4,4
468,21,250,0,0,1507,37,71,0,0,1,0,4
303,21,250,11,0,1755,140,213,4,39,3,6,4
116,21,250,15,0,2286,313,264,4,29,1,5,3
126,21,250,25,0,1023,267,2,4,32,2,1,3
144,83,244,5,0,2152,342,312,4,39,3,0,4
569,83,244,25,0,2786,282,312,4,39,3,0,4
26,83,244,20,0,560,243,278,4,39,3,4,4
500,61,245,0,0,875,248,274,4,39,3,1,4
500,61,245,0,0,875,248,274,4,39,3,1,4
538,61,245,20,0,2067,261,265,4,39,3,1,4
500,61,245,0,0,875,248,274,4,39,3,1,4
125,61,245,11,0,1001,335,308,4,0,3,6,4
20,61,245,11,0,1000,261,247,4,0,3,1,4
538,61,245,20,0,2067,261,265,4,39,3,1,4
539,61,245,20,0,2090,261,265,4,39,3,0,4
2,61,245,20,0,378,267,264,4,0,1,1,3
92,149,125,0,0,2799,298,228,4,27,4,0,4
35,149,125,25,0,1257,211,205,4,0,1,6,4
63,149,125,9,0,1775,130,205,4,37,1,6,2
362,16,184,11,0,957,148,213,4,39,3,6,4
362,16,184,11,0,957,148,213,4,39,3,6,4
542,65,114,11,0,1037,218,261,4,0,3,6,4
593,65,114,25,0,6,231,273,4,39,3,4,4
556,65,114,22,0,1122,231,271,4,39,3,0,4
394,3,127,27,0,1773,120,114,4,32,6,4,3
140,229,218,27,0,2138,432,316,4,37,3,0,4
140,229,218,27,0,2138,432,316,4,37,3,0,4
183,108,166,1,0,2132,130,232,4,39,3,6,3
183,108,166,1,0,2132,130,232,4,39,3,6,3
278,108,166,20,0,1225,333,313,4,32,2,4,3
493,78,222,22,0,2061,218,247,4,39,3,6,4
336,78,222,0,0,1341,172,191,4,38,1,0,4
493,78,222,0,0,2061,218,247,4,39,3,6,4
336,78,222,0,0,1341,172,191,4,38,1,0,4
492,78,222,23,0,2106,206,247,4,39,3,0,4
266,78,222,20,0,2099,90,195,4,39,3,0,4
423,78,222,25,0,2745,206,255,4,38,3,6,4
331,23,220,0,0,1524,148,204,4,39,1,0,4
331,23,220,11,0,1036,148,204,4,0,3,6,4
331,23,220,0,0,1524,148,204,4,39,1,0,4
331,23,220,22,0,2113,148,204,4,39,3,0,4
410,23,220,9,0,2094,213,218,4,39,3,6,4
367,23,220,11,0,1042,185,213,4,39,3,1,4
333,192,204,23,0,559,207,167,4,30,2,6,3
191,236,172,11,0,271,20,43,4,0,1,0,4
194,209,126,22,0,466,47,55,4,39,3,1,3
449,209,126,22,0,889,98,207,4,0,1,0,3
468,209,126,26,0,1879,198,205,4,0,1,0,4
62,209,126,25,0,1645,399,302,4,39,3,0,0
468,209,126,23,0,1099,207,277,4,32,2,4,3
396,209,126,0,0,98,239,129,4,0,1,0,0
253,191,142,27,0,1606,48,46,4,39,3,4,4
415,191,142,0,0,59,189,129,4,0,1,0,0
485,50,161,20,0,1280,222,87,4,0,4,0,4
116,1,132,20,0,2033,324,277,4,0,1,0,4
311,53,210,11,0,200,129,191,4,39,3,1,4
558,247,236,26,0,2667,383,275,4,39,1,0,4
185,112,257,11,0,255,111,19,4,0,1,0,4
20,39,123,20,0,1591,395,1,4,0,1,4,0
20,39,123,0,0,1659,369,231,4,29,1,4,4
291,12,80,25,0,1674,91,125,4,0,1,4,4
91,12,80,11,0,1646,416,276,4,0,1,0,0
199,10,70,0,0,2031,73,111,4,0,6,0,3
182,123,270,0,0,2797,383,55,4,39,3,0,4
535,115,196,23,0,375,428,82,4,0,2,0,0
183,168,167,4,0,1747,39,187,4,25,1,1,4
485,32,113,25,0,1075,249,205,4,17,2,4,3
84,143,133,0,0,690,6,179,4,0,4,0,4
152,99,168,6,0,2107,167,135,4,32,1,1,3
182,93,91,5,0,1489,10,55,4,39,3,6,4
78,211,212,11,0,1061,392,253,4,0,2,0,0
551,17,157,0,0,667,297,322,3,0,4,1,0
534,136,199,4,0,368,132,179,4,35,1,6,3
277,41,235,0,0,2784,203,153,4,36,1,0,4
161,11,223,22,0,498,26,96,4,25,4,1,4
427,11,223,0,0,1347,54,205,4,39,3,0,0
226,11,223,11,0,1345,108,1,4,17,4,6,4
230,18,87,23,0,1635,416,55,4,0,1,4,4
91,166,225,22,0,2673,369,1,4,39,2,0,4
148,201,189,27,0,1327,405,9,0,39,3,0,4
309,19,90,22,0,1089,73,179,4,0,1,1,2
56,22,84,20,0,61,37,66,4,39,2,1,4
284,174,151,0,0,2808,17,111,4,37,3,6,4
83,264,251,23,0,169,17,37,1,0,2,0,0
